epoch,L,E,T,V,H,X,cusp
0,131.04028082763548,131.04028082763548,127.08187451166306,-5.4356239252963094,11.532603906766477,-2.1385736654977237,1.3330217120725024e-14
